LaneNo,source,target,type,weight,편성당칸수,운행횟수,혼잡지수
1,90_덕정역,89_덕계역,subway,2545,10,589,0.002700551782682513
1,63_남영역,272_용산역,subway,68011,10,589,0.07216786926994907
1,272_용산역,68_노량진역,subway,50462,10,589,0.05354626485568761
1,68_노량진역,84_대방역,subway,22750,10,589,0.024140492359932087
1,84_대방역,210_신길역,subway,37579,10,589,0.03987584889643463
1,210_신길역,260_영등포역,subway,55867,10,589,0.059281621392190155
1,260_영등포역,217_신도림역,subway,125166,10,589,0.13281621392190152
1,217_신도림역,40_구로역,subway,136875,10,589,0.14524087436332767
1,40_구로역,45_구일역,subway,77958,10,589,0.08272283531409168
1,45_구일역,16_개봉역,subway,74706,10,589,0.0792720713073005
1,262_오류동역,265_온수역,subway,57376,10,589,0.060882852292020374
1,265_온수역,253_역곡역,subway,47171,10,589,0.05005411714770798
1,181_서울역,63_남영역,subway,68608,10,589,0.07280135823429541
1,253_역곡역,193_소사역,subway,33068,10,589,0.035089134125636676
1,150_부천역,310_중동역,subway,14427,10,589,0.015308786078098472
1,310_중동역,196_송내역,subway,10681,10,589,0.011333828522920204
1,40_구로역,4_가산디지털단지역,subway,56903,10,589,0.06038094227504245
1,4_가산디지털단지역,97_독산역,subway,47120,10,589,0.05
1,97_독산역,52_금천구청역,subway,37884,10,589,0.040199490662139216
1,52_금천구청역,184_석수역,subway,32481,10,589,0.03446625636672326
1,184_석수역,32_관악역,subway,29301,10,589,0.031091893039049235
1,32_관악역,236_안양역,subway,26645,10,589,0.02827355687606112
1,236_안양역,126_명학역,subway,19993,10,589,0.021214983022071306
1,126_명학역,51_금정역,subway,17852,10,589,0.018943123938879456
1,51_금정역,49_군포역,subway,2001,10,589,0.00212330220713073
1,193_소사역,150_부천역,subway,27555,10,589,0.029239176570458405
1,208_시청역,181_서울역,subway,183716,10,589,0.19494482173174874
1,16_개봉역,262_오류동역,subway,63238,10,589,0.06710314091680815
1,304_종로3가역,303_종각역,subway,88682,10,589,0.09410229202037351
1,89_덕계역,245_양주역,subway,5110,10,589,0.0054223259762308995
1,303_종각역,208_시청역,subway,104822,10,589,0.11122877758913413
1,72_녹양역,2_가능역,subway,11950,10,589,0.012680390492359932
1,2_가능역,284_의정부역,subway,15353,10,589,0.016291383701188454
1,284_의정부역,354_회룡역,subway,25084,10,589,0.026617147707979627
1,354_회룡역,120_망월사역,subway,33699,10,589,0.035758701188455005
1,120_망월사역,93_도봉산역,subway,38067,10,589,0.04039367572156197
1,93_도봉산역,94_도봉역,subway,46917,10,589,0.049784592529711374
1,94_도봉역,139_방학역,subway,50349,10,589,0.05342635823429542
1,139_방학역,317_창동역,subway,55898,10,589,0.059314516129032255
1,317_창동역,73_녹천역,subway,43399,10,589,0.04605157045840407
1,73_녹천역,276_월계역,subway,43672,10,589,0.04634125636672326
1,245_양주역,72_녹양역,subway,9618,10,589,0.01020585738539898
1,35_광운대역,183_석계역,subway,21084,10,589,0.022372665534804752
1,276_월계역,35_광운대역,subway,44514,10,589,0.04723471986417657
1,99_동대문역,305_종로5가역,subway,89762,10,589,0.09524830220713074
1,102_동묘앞역,99_동대문역,subway,89287,10,589,0.09474426994906622
1,223_신설동역,102_동묘앞역,subway,89121,10,589,0.09456812393887945
1,302_제기동역,223_신설동역,subway,46012,10,589,0.04882427843803056
1,305_종로5가역,304_종로3가역,subway,97833,10,589,0.10381260611205433
1,353_회기역,325_청량리역,subway,106069,10,589,0.11255199490662139
1,268_외대앞역,353_회기역,subway,45730,10,589,0.04852504244482173
1,225_신이문역,268_외대앞역,subway,45244,10,589,0.04800933786078099
1,183_석계역,225_신이문역,subway,45569,10,589,0.04835420203735144
1,325_청량리역,302_제기동역,subway,44523,10,589,0.04724426994906621
2,217_신도림역,92_도림천역,subway,46996,10,528,0.05562973484848485
2,346_홍대입구역,228_신촌역,subway,147291,10,528,0.17435014204545454
2,92_도림천역,246_양천구청역,subway,46512,10,528,0.05505681818181818
2,246_양천구청역,226_신정네거리역,subway,41773,10,528,0.04944720643939394
2,226_신정네거리역,57_까치산역,subway,36221,10,528,0.042875236742424244
2,217_신도림역,131_문래역,subway,219612,10,528,0.25995738636363636
2,131_문래역,258_영등포구청역,subway,217176,10,528,0.25707386363636364
2,258_영등포구청역,79_당산역,subway,218834,10,528,0.25903645833333333
2,79_당산역,342_합정역,subway,212184,10,528,0.2511647727272727
2,342_합정역,346_홍대입구역,subway,235702,10,528,0.2790033143939394
2,228_신촌역,285_이대역,subway,31254,10,528,0.036995738636363636
2,279_을지로3가역,280_을지로4가역,subway,33617,10,528,0.03979285037878788
2,233_아현역,329_충정로역,subway,20141,10,528,0.023841145833333334
2,329_충정로역,208_시청역,subway,22407,10,528,0.0265234375
2,208_시청역,281_을지로입구역,subway,60716,10,528,0.07187026515151515
2,281_을지로입구역,279_을지로3가역,subway,52087,10,528,0.061656013257575755
2,280_을지로4가역,100_동대문역사문화공원역,subway,65388,10,528,0.07740056818181819
2,100_동대문역사문화공원역,214_신당역,subway,91218,10,528,0.10797585227272727
2,214_신당역,171_상왕십리역,subway,78105,10,528,0.09245383522727273
2,171_상왕십리역,267_왕십리역,subway,80416,10,528,0.09518939393939393
2,267_왕십리역,340_한양대역,subway,33948,10,528,0.04018465909090909
2,270_용두역,223_신설동역,subway,67013,10,528,0.07932410037878788
2,285_이대역,233_아현역,subway,19571,10,528,0.023166429924242424
2,213_신답역,270_용두역,subway,73259,10,528,0.08671756628787879
2,340_한양대역,108_뚝섬역,subway,25319,10,528,0.0299704071969697
2,191_성수역,269_용답역,subway,59301,10,528,0.0701953125
2,269_용답역,213_신답역,subway,58759,10,528,0.06955374053030303
2,191_성수역,21_건대입구역,subway,69661,10,528,0.08245857007575758
2,44_구의역,14_강변역,subway,63244,10,528,0.07486268939393939
2,14_강변역,291_잠실나루역,subway,59363,10,528,0.07026870265151515
2,291_잠실나루역,293_잠실역,subway,57812,10,528,0.06843276515151515
2,293_잠실역,292_잠실새내역,subway,130091,10,528,0.15399029356060606
2,292_잠실새내역,306_종합운동장역,subway,139454,10,528,0.16507339015151515
2,306_종합운동장역,161_삼성역,subway,128331,10,528,0.15190696022727274
2,161_삼성역,187_선릉역,subway,158061,10,528,0.1870987215909091
2,187_선릉역,254_역삼역,subway,101363,10,528,0.11998461174242424
2,254_역삼역,10_강남역,subway,119787,10,528,0.14179332386363636
2,21_건대입구역,44_구의역,subway,80161,10,528,0.09488754734848485
2,38_교대역,182_서초역,subway,77292,10,528,0.09149147727272727
2,10_강남역,38_교대역,subway,124176,10,528,0.14698863636363638
2,82_대림역,217_신도림역,subway,245977,10,528,0.2911659564393939
2,216_신대방역,39_구로디지털단지역,subway,71615,10,528,0.08477154356060607
2,218_신림역,216_신대방역,subway,56969,10,528,0.06743489583333333
2,148_봉천역,218_신림역,subway,51936,10,528,0.06147727272727273
2,39_구로디지털단지역,82_대림역,subway,113294,10,528,0.13410748106060605
2,59_낙성대역,179_서울대입구역,subway,79957,10,528,0.09464607007575758
2,156_사당역,59_낙성대역,subway,95058,10,528,0.11252130681818182
2,137_방배역,156_사당역,subway,80257,10,528,0.09500118371212121
2,182_서초역,137_방배역,subway,76832,10,528,0.09094696969696969
2,179_서울대입구역,148_봉천역,subway,56905,10,528,0.06735913825757575
3,101_동대입구역,241_약수역,subway,15464,10,407,0.02374692874692875
3,27_고속터미널역,38_교대역,subway,48733,10,407,0.07483568796068796
3,241_약수역,53_금호역,subway,19058,10,407,0.029265970515970515
3,53_금호역,264_옥수역,subway,7364,10,407,0.011308353808353808
3,264_옥수역,239_압구정역,subway,16354,10,407,0.025113636363636362
3,239_압구정역,222_신사역,subway,31399,10,407,0.04821713759213759
3,222_신사역,294_잠원역,subway,41521,10,407,0.06376074938574938
3,294_잠원역,27_고속터미널역,subway,41507,10,407,0.06373925061425062
3,38_교대역,61_남부터미널역,subway,53986,10,407,0.08290233415233415
3,335_학여울역,85_대청역,subway,16208,10,407,0.02488943488943489
3,244_양재역,121_매봉역,subway,95551,10,407,0.14673065110565112
3,121_매봉역,91_도곡역,subway,94230,10,407,0.14470208845208846
3,91_도곡역,86_대치역,subway,38538,10,407,0.05917997542997543
3,86_대치역,335_학여울역,subway,18660,10,407,0.028654791154791154
3,290_일원역,203_수서역,subway,6407,10,407,0.009838759213759214
3,203_수서역,3_가락시장역,subway,65998,10,407,0.1013482800982801
3,3_가락시장역,24_경찰병원역,subway,32112,10,407,0.04931203931203931
3,24_경찰병원역,261_오금역,subway,27317,10,407,0.04194871007371007
3,328_충무로역,101_동대입구역,subway,18052,10,407,0.027721130221130222
3,61_남부터미널역,244_양재역,subway,46879,10,407,0.07198863636363637
3,279_을지로3가역,328_충무로역,subway,54121,10,407,0.08310964373464373
3,85_대청역,290_일원역,subway,11255,10,407,0.017283476658476658
3,234_안국역,304_종로3가역,subway,56944,10,407,0.08744471744471745
3,87_대화역,307_주엽역,subway,8032,10,407,0.012334152334152334
3,304_종로3가역,279_을지로3가역,subway,52162,10,407,0.08010135135135135
3,300_정발산역,112_마두역,subway,15997,10,407,0.02456541769041769
3,112_마두역,141_백석역,subway,19659,10,407,0.030188882063882063
3,141_백석역,80_대곡역,subway,24236,10,407,0.03721744471744472
3,80_대곡역,352_화정역,subway,27641,10,407,0.04244625307125307
3,352_화정역,274_원당역,subway,35811,10,407,0.054992321867321864
3,274_원당역,275_원흥역,subway,14117,10,407,0.021678439803439805
3,275_원흥역,163_삼송역,subway,10825,10,407,0.016623157248157248
3,307_주엽역,300_정발산역,subway,12973,10,407,0.019921683046683045
3,316_지축역,46_구파발역,subway,16785,10,407,0.0257754914004914
3,163_삼송역,316_지축역,subway,20427,10,407,0.03136824324324324
3,95_독립문역,23_경복궁역,subway,43302,10,407,0.06649570024570024
3,130_무악재역,95_독립문역,subway,41388,10,407,0.06355651105651106
3,347_홍제역,130_무악재역,subway,38290,10,407,0.058799140049140046
3,23_경복궁역,234_안국역,subway,52053,10,407,0.07993396805896806
3,154_불광역,70_녹번역,subway,45621,10,407,0.07005681818181818
3,256_연신내역,154_불광역,subway,25621,10,407,0.03934428746928747
3,46_구파발역,256_연신내역,subway,14345,10,407,0.022028562653562653
3,70_녹번역,347_홍제역,subway,27716,10,407,0.04256142506142506
4,64_남태령역,188_선바위역,subway,53379,10,476,0.07008797268907563
4,224_신용산역,287_이촌역,subway,17383,10,476,0.022824317226890756
4,287_이촌역,103_동작역,subway,96897,10,476,0.12722820378151262
4,103_동작역,326_총신대입구역,subway,88962,10,476,0.1168093487394958
4,326_총신대입구역,156_사당역,subway,83642,10,476,0.10982405462184874
4,156_사당역,64_남태령역,subway,53967,10,476,0.07086003151260505
4,188_선바위역,22_경마공원역,subway,50198,10,476,0.06591123949579832
4,289_인덕원역,332_평촌역,subway,31067,10,476,0.04079175420168067
4,81_대공원역,31_과천역,subway,52585,10,476,0.06904543067226891
4,31_과천역,301_정부과천청사역,subway,48969,10,476,0.06429753151260505
4,301_정부과천청사역,289_인덕원역,subway,43352,10,476,0.05692226890756302
4,332_평촌역,143_범계역,subway,25298,10,476,0.033216911764705884
4,143_범계역,51_금정역,subway,17032,10,476,0.02236344537815126
4,51_금정역,158_산본역,subway,6891,10,476,0.009048056722689076
4,158_산본역,201_수리산역,subway,1049,10,476,0.0013773634453781512
4,22_경마공원역,81_대공원역,subway,49853,10,476,0.06545824579831933
4,206_숙대입구역,160_삼각지역,subway,20963,10,476,0.027524947478991597
4,160_삼각지역,224_신용산역,subway,17912,10,476,0.02351890756302521
4,355_회현역,181_서울역,subway,91214,10,476,0.11976628151260504
4,181_서울역,206_숙대입구역,subway,24017,10,476,0.03153492647058823
4,78_당고개역,167_상계역,subway,9748,10,476,0.012799369747899159
4,167_상계역,69_노원역,subway,28301,10,476,0.03715992647058824
4,317_창동역,231_쌍문역,subway,112371,10,476,0.14754595588235295
4,231_쌍문역,204_수유역,subway,129189,10,476,0.16962841386554622
4,204_수유역,134_미아역,subway,37436,10,476,0.049154411764705884
4,134_미아역,133_미아사거리역,subway,39459,10,476,0.05181066176470588
4,133_미아사거리역,55_길음역,subway,123953,10,476,0.16275341386554623
4,69_노원역,317_창동역,subway,79686,10,476,0.10462972689075631
4,192_성신여대입구역,338_한성대입구역,subway,57085,10,476,0.07495404411764706
4,338_한성대입구역,345_혜화역,subway,55686,10,476,0.0731171218487395
4,345_혜화역,99_동대문역,subway,52457,10,476,0.06887736344537815
4,99_동대문역,100_동대문역사문화공원역,subway,38204,10,476,0.05016281512605042
4,100_동대문역사문화공원역,328_충무로역,subway,90061,10,476,0.11825236344537815
4,328_충무로역,124_명동역,subway,150012,10,476,0.19696953781512605
4,55_길음역,192_성신여대입구역,subway,120629,10,476,0.15838891806722688
4,124_명동역,355_회현역,subway,97800,10,476,0.12841386554621848
5,33_광나루역,320_천호역,subway,85599,8,428,0.15624817464953272
5,232_아차산역,33_광나루역,subway,87779,8,428,0.1602274386682243
5,298_장한평역,48_군자역,subway,75492,8,428,0.13779935747663552
5,77_답십리역,298_장한평역,subway,76539,8,428,0.13971049941588784
5,343_행당역,267_왕십리역,subway,10970,8,428,0.020024094626168224
5,267_왕십리역,114_마장역,subway,68382,8,428,0.1248211156542056
5,209_신금호역,343_행당역,subway,8647,8,428,0.015783805490654206
5,323_청구역,209_신금호역,subway,8811,8,428,0.01608316296728972
5,320_천호역,12_강동역,subway,72908,8,428,0.13308265186915888
5,114_마장역,77_답십리역,subway,66519,8,428,0.12142048773364486
5,12_강동역,104_둔촌동역,subway,33872,8,428,0.06182827102803738
5,50_굽은다리역,125_명일역,subway,28826,8,428,0.05261755257009346
5,266_올림픽공원역,138_방이역,subway,24789,8,428,0.04524861273364486
5,138_방이역,261_오금역,subway,21157,8,428,0.038618939836448596
5,261_오금역,15_개롱역,subway,23556,8,428,0.042997955607476636
5,15_개롱역,20_거여역,subway,17264,8,428,0.03151285046728972
5,20_거여역,115_마천역,subway,7117,8,428,0.012991019275700934
5,12_강동역,54_길동역,subway,41203,8,428,0.07520991530373831
5,54_길동역,50_굽은다리역,subway,35913,8,428,0.06555381133177571
5,125_명일역,25_고덕역,subway,21965,8,428,0.04009382301401869
5,25_고덕역,173_상일동역,subway,13222,8,428,0.02413478387850467
5,100_동대문역사문화공원역,323_청구역,subway,12598,8,428,0.022995765186915887
5,104_둔촌동역,266_올림픽공원역,subway,31681,8,428,0.05782892815420561
5,280_을지로4가역,100_동대문역사문화공원역,subway,65388,8,428,0.11935601635514019
5,48_군자역,232_아차산역,subway,92703,8,428,0.16921546436915888
5,36_광화문역,304_종로3가역,subway,42994,8,428,0.07847911799065421
5,304_종로3가역,280_을지로4가역,subway,33245,8,428,0.06068377628504673
5,140_방화역,18_개화산역,subway,6816,8,428,0.012441588785046729
5,18_개화산역,56_김포공항역,subway,12408,8,428,0.022648948598130842
5,56_김포공항역,197_송정역,subway,24364,8,428,0.04447283878504673
5,111_마곡역,136_발산역,subway,25288,8,428,0.04615946261682243
5,136_발산역,273_우장산역,subway,29251,8,428,0.05339332651869159
5,273_우장산역,349_화곡역,subway,31032,8,428,0.05664427570093458
5,349_화곡역,57_까치산역,subway,48765,8,428,0.08901321553738317
5,57_까치산역,227_신정역,subway,35480,8,428,0.06476343457943926
5,227_신정역,128_목동역,subway,39733,8,428,0.07252665011682242
5,128_목동역,263_오목교역,subway,26672,8,428,0.0486857476635514
5,263_오목교역,248_양평역,subway,28886,8,428,0.05272707359813084
5,197_송정역,111_마곡역,subway,24325,8,428,0.04440165011682243
5,258_영등포구청역,259_영등포시장역,subway,19207,8,428,0.035059506425233644
5,177_서대문역,36_광화문역,subway,49828,8,428,0.09095356308411215
5,248_양평역,258_영등포구청역,subway,33724,8,428,0.0615581191588785
5,329_충정로역,177_서대문역,subway,34499,8,428,0.06297276577102803
5,28_공덕역,240_애오개역,subway,32029,8,428,0.05846415011682243
5,117_마포역,28_공덕역,subway,51290,8,428,0.09362222546728972
5,240_애오개역,329_충정로역,subway,28193,8,428,0.051462105724299066
5,252_여의도역,251_여의나루역,subway,57999,8,428,0.10586850175233645
5,210_신길역,252_여의도역,subway,76912,8,428,0.1403913551401869
5,259_영등포시장역,210_신길역,subway,18472,8,428,0.0337178738317757
5,251_여의나루역,117_마포역,subway,61071,8,428,0.11147597838785046
6,336_한강진역,142_버티고개역,subway,7775,8,340,0.01786534926470588
6,102_동묘앞역,318_창신역,subway,13945,8,340,0.032042738970588236
6,142_버티고개역,241_약수역,subway,8124,8,340,0.018667279411764708
6,241_약수역,323_청구역,subway,29099,8,340,0.06686351102941177
6,323_청구역,214_신당역,subway,11526,8,340,0.026484375
6,288_이태원역,336_한강진역,subway,13113,8,340,0.030130974264705884
6,214_신당역,102_동묘앞역,subway,30536,8,340,0.07016544117647058
6,318_창신역,145_보문역,subway,13748,8,340,0.03159007352941177
6,172_상월곡역,98_돌곶이역,subway,18354,8,340,0.04217371323529412
6,235_안암역,26_고려대역,subway,22787,8,340,0.05235983455882353
6,26_고려대역,277_월곡역,subway,22297,8,340,0.05123391544117647
6,98_돌곶이역,183_석계역,subway,15906,8,340,0.03654871323529412
6,183_석계역,330_태릉입구역,subway,52270,8,340,0.12010569852941176
6,330_태릉입구역,350_화랑대역,subway,16479,8,340,0.03786534926470588
6,71_녹사평역,288_이태원역,subway,17537,8,340,0.04029641544117647
6,350_화랑대역,149_봉화산역,subway,8551,8,340,0.0196484375
6,145_보문역,235_안암역,subway,25501,8,340,0.058596047794117645
6,160_삼각지역,71_녹사평역,subway,20051,8,340,0.04607306985294118
6,277_월곡역,172_상월곡역,subway,8718,8,340,0.020032169117647058
6,28_공덕역,356_효창공원앞역,subway,52852,8,340,0.12144301470588235
6,356_효창공원앞역,160_삼각지역,subway,17166,8,340,0.03944393382352941
6,149_봉화산역,211_신내역,subway,6020,8,340,0.013832720588235294
6,283_응암역,255_역촌역,subway,19803,8,340,0.045503216911764705
6,255_역촌역,154_불광역,subway,17340,8,340,0.03984375
6,154_불광역,96_독바위역,subway,2767,8,340,0.006357996323529412
6,256_연신내역,43_구산역,subway,19446,8,340,0.04468290441176471
6,43_구산역,283_응암역,subway,25005,8,340,0.057456341911764706
6,283_응암역,174_새절역,subway,47128,8,340,0.10829044117647059
6,174_새절역,315_증산역,subway,55915,8,340,0.1284811580882353
6,96_독바위역,256_연신내역,subway,2130,8,340,0.004894301470588235
6,107_디지털미디어시티역,278_월드컵경기장역,subway,14339,8,340,0.03294806985294118
6,278_월드컵경기장역,116_마포구청역,subway,11187,8,340,0.02570542279411765
6,116_마포구청역,119_망원역,subway,20322,8,340,0.04669577205882353
6,119_망원역,342_합정역,subway,28725,8,340,0.06600413602941177
6,342_합정역,170_상수역,subway,15326,8,340,0.035215992647058825
6,170_상수역,37_광흥창역,subway,11856,8,340,0.027242647058823528
6,37_광흥창역,88_대흥역,subway,11680,8,340,0.026838235294117645
6,315_증산역,107_디지털미디어시티역,subway,62052,8,340,0.1425827205882353
6,88_대흥역,28_공덕역,subway,17070,8,340,0.039223345588235294
7,295_장승배기역,215_신대방삼거리역,subway,18453,8,393,0.03668296755725191
7,168_상도역,295_장승배기역,subway,17287,8,393,0.034365060432569976
7,207_숭실대입구역,168_상도역,subway,20047,8,393,0.03985170165394402
7,27_고속터미널역,66_내방역,subway,32186,8,393,0.06398298346055979
7,286_이수역,62_남성역,subway,32118,8,393,0.06384780534351145
7,66_내방역,286_이수역,subway,31485,8,393,0.06258945610687022
7,215_신대방삼거리역,144_보라매역,subway,21175,8,393,0.04209406806615776
7,62_남성역,207_숭실대입구역,subway,26626,8,393,0.0529301844783715
7,144_보라매역,229_신풍역,subway,25368,8,393,0.0504293893129771
7,58_까치울역,151_부천종합운동장역,subway,6907,8,393,0.01373051844783715
7,82_대림역,60_남구로역,subway,54247,8,393,0.10783834287531807
7,60_남구로역,4_가산디지털단지역,subway,52199,8,393,0.10376709605597964
7,4_가산디지털단지역,321_철산역,subway,46801,8,393,0.09303633905852417
7,321_철산역,34_광명사거리역,subway,33883,8,393,0.06735647264631044
7,34_광명사거리역,319_천왕역,subway,19721,8,393,0.03920364185750636
7,319_천왕역,265_온수역,subway,10693,8,393,0.021256758905852418
7,265_온수역,58_까치울역,subway,10752,8,393,0.021374045801526718
7,135_반포역,27_고속터미널역,subway,25158,8,393,0.050011927480916034
7,151_부천종합운동장역,327_춘의역,subway,4617,8,393,0.009178196564885496
7,229_신풍역,82_대림역,subway,31811,8,393,0.0632375159033079
7,74_논현역,135_반포역,subway,75069,8,393,0.14923067748091604
7,48_군자역,249_어린이대공원역,subway,74858,8,393,0.14881122773536895
7,9_강남구청역,334_학동역,subway,64875,8,393,0.12896588740458015
7,296_장암역,93_도봉산역,subway,2649,8,393,0.005265982824427481
7,93_도봉산역,200_수락산역,subway,7721,8,393,0.015348680025445293
7,200_수락산역,113_마들역,subway,18899,8,393,0.03756957697201018
7,113_마들역,69_노원역,subway,30216,8,393,0.06006679389312977
7,69_노원역,308_중계역,subway,19092,8,393,0.03795324427480916
7,308_중계역,333_하계역,subway,19489,8,393,0.03874244592875318
7,334_학동역,74_논현역,subway,60448,8,393,0.12016539440203562
7,29_공릉역,330_태릉입구역,subway,32327,8,393,0.06426327926208651
7,330_태릉입구역,122_먹골역,subway,19948,8,393,0.03965489821882952
7,122_먹골역,313_중화역,subway,22713,8,393,0.04515147900763359
7,333_하계역,29_공릉역,subway,26667,8,393,0.05301168893129771
7,169_상봉역,123_면목역,subway,64158,8,393,0.1275405534351145
7,313_중화역,169_상봉역,subway,29106,8,393,0.05786020992366412
7,109_뚝섬유원지역,324_청담역,subway,75931,8,393,0.15094425890585242
7,21_건대입구역,109_뚝섬유원지역,subway,74325,8,393,0.14775166984732824
7,249_어린이대공원역,21_건대입구역,subway,75072,8,393,0.14923664122137403
7,324_청담역,9_강남구청역,subway,115038,8,393,0.22868559160305343
7,271_용마산역,309_중곡역,subway,62351,8,393,0.1239483937659033
7,155_사가정역,271_용마산역,subway,60460,8,393,0.12018924936386768
7,123_면목역,155_사가정역,subway,59522,8,393,0.11832458651399491
7,309_중곡역,48_군자역,subway,68257,8,393,0.13568901081424936
8,205_수진역,127_모란역,subway,5674,6,292,0.02024115296803653
8,230_신흥역,205_수진역,subway,3051,6,292,0.010883989726027398
8,76_단대오거리역,230_신흥역,subway,6510,6,292,0.023223458904109588
8,65_남한산성입구역,76_단대오거리역,subway,14566,6,292,0.05196204337899543
8,159_산성역,65_남한산성입구역,subway,22702,6,292,0.08098601598173516
8,146_복정역,159_산성역,subway,26702,6,292,0.09525542237442923
8,297_장지역,146_복정역,subway,11048,6,292,0.039412100456621
8,199_송파역,3_가락시장역,subway,38843,6,292,0.13856663812785389
8,3_가락시장역,132_문정역,subway,25230,6,292,0.0900042808219178
8,237_암사역,320_천호역,subway,19053,6,292,0.06796875
8,320_천호역,11_강동구청역,subway,51907,6,292,0.1851705194063927
8,11_강동구청역,129_몽촌토성역,subway,54896,6,292,0.19583333333333333
8,132_문정역,297_장지역,subway,9097,6,292,0.032452197488584474
8,293_잠실역,186_석촌역,subway,67433,6,292,0.2405572203196347
8,186_석촌역,199_송파역,subway,42108,6,292,0.1502140410958904
8,129_몽촌토성역,293_잠실역,subway,77391,6,292,0.2760809075342466
9,68_노량진역,175_샛강역,subway,18424,6,110,0.17446969696969697
9,175_샛강역,252_여의도역,subway,18759,6,110,0.17764204545454546
9,252_여의도역,47_국회의사당역,subway,28066,6,110,0.2657765151515151
9,47_국회의사당역,79_당산역,subway,34401,6,110,0.32576704545454543
9,79_당산역,189_선유도역,subway,31994,6,110,0.30297348484848485
9,189_선유도역,219_신목동역,subway,25802,6,110,0.2443371212121212
9,219_신목동역,257_염창역,subway,23666,6,110,0.2241098484848485
9,106_등촌역,314_증미역,subway,16132,6,110,0.15276515151515152
9,314_증미역,5_가양역,subway,16973,6,110,0.16072916666666667
9,67_노들역,68_노량진역,subway,8479,6,110,0.0802935606060606
9,247_양천향교역,110_마곡나루역,subway,36132,6,110,0.3421590909090909
9,110_마곡나루역,221_신방화역,subway,8882,6,110,0.08410984848484848
9,221_신방화역,30_공항시장역,subway,3284,6,110,0.031098484848484848
9,30_공항시장역,56_김포공항역,subway,2961,6,110,0.028039772727272726
9,56_김포공항역,19_개화역,subway,1840,6,110,0.017424242424242425
9,257_염창역,106_등촌역,subway,18603,6,110,0.17616477272727274
9,5_가양역,247_양천향교역,subway,29922,6,110,0.2833522727272727
9,357_흑석역,67_노들역,subway,7861,6,110,0.07444128787878788
9,42_구반포역,103_동작역,subway,105971,6,110,1.0035132575757575
9,312_중앙보훈병원역,105_둔촌오륜역,subway,12646,6,110,0.11975378787878788
9,105_둔촌오륜역,266_올림픽공원역,subway,13612,6,110,0.12890151515151516
9,266_올림픽공원역,339_한성백제역,subway,22406,6,110,0.2121780303030303
9,339_한성백제역,198_송파나루역,subway,3270,6,110,0.030965909090909093
9,103_동작역,357_흑석역,subway,27509,6,110,0.26050189393939394
9,186_석촌역,185_석촌고분역,subway,20745,6,110,0.19644886363636363
9,185_석촌고분역,166_삼전역,subway,23165,6,110,0.2193655303030303
9,166_삼전역,306_종합운동장역,subway,27187,6,110,0.2574526515151515
9,198_송파나루역,186_석촌역,subway,6757,6,110,0.06398674242424242
9,147_봉은사역,162_삼성중앙역,subway,20517,6,110,0.1942897727272727
9,162_삼성중앙역,190_선정릉역,subway,28018,6,110,0.2653219696969697
9,190_선정릉역,250_언주역,subway,23334,6,110,0.2209659090909091
9,250_언주역,212_신논현역,subway,39521,6,110,0.37425189393939395
9,212_신논현역,157_사평역,subway,25126,6,110,0.23793560606060607
9,157_사평역,27_고속터미널역,subway,25088,6,110,0.23757575757575758
9,27_고속터미널역,220_신반포역,subway,49003,6,110,0.4640435606060606
9,220_신반포역,42_구반포역,subway,49201,6,110,0.4659185606060606
9,306_종합운동장역,147_봉은사역,subway,48331,6,110,0.45767992424242426
100,91_도곡역,41_구룡역,subway,46187,6,352,0.1366802793560606
100,41_구룡역,17_개포동역,subway,44896,6,352,0.1328598484848485
100,17_개포동역,83_대모산입구역,subway,57281,6,352,0.1695105350378788
100,331_태평역,127_모란역,subway,11262,6,352,0.03332741477272727
100,203_수서역,146_복정역,subway,52534,6,352,0.15546283143939393
100,146_복정역,8_가천대역,subway,20483,6,352,0.0606149384469697
100,8_가천대역,331_태평역,subway,16347,6,352,0.048375355113636366
100,83_대모산입구역,203_수서역,subway,89132,6,352,0.263766571969697
100,187_선릉역,341_한티역,subway,226132,6,352,0.6691879734848485
100,341_한티역,91_도곡역,subway,14948,6,352,0.04423532196969697
100,9_강남구청역,190_선정릉역,subway,129558,6,352,0.3833984375
100,238_압구정로데오역,9_강남구청역,subway,109065,6,352,0.32275390625
100,180_서울숲역,238_압구정로데오역,subway,102790,6,352,0.30418442234848486
100,267_왕십리역,180_서울숲역,subway,100857,6,352,0.29846413352272727
100,190_선정릉역,187_선릉역,subway,211419,6,352,0.6256480823863636
101,110_마곡나루역,56_김포공항역,subway,40363,6,179,0.234887104283054
101,107_디지털미디어시티역,110_마곡나루역,subway,77777,6,179,0.452612895716946
101,346_홍대입구역,107_디지털미디어시티역,subway,151390,6,179,0.880993947858473
101,28_공덕역,346_홍대입구역,subway,172339,6,179,1.0029038640595904
101,181_서울역,28_공덕역,subway,252314,6,179,1.4683077281191805
104,356_효창공원앞역,272_용산역,subway,37055,8,109,0.2655891628440367
104,287_이촌역,178_서빙고역,subway,20777,8,109,0.14891771788990826
104,178_서빙고역,337_한남역,subway,20529,8,109,0.14714019495412844
104,337_한남역,264_옥수역,subway,19722,8,109,0.14135607798165137
104,264_옥수역,282_응봉역,subway,35278,8,109,0.2528526376146789
104,311_중랑역,169_상봉역,subway,47764,8,109,0.34234518348623855
104,267_왕십리역,325_청량리역,subway,86940,8,109,0.6231364678899083
104,325_청량리역,353_회기역,subway,80687,8,109,0.5783185206422018
104,353_회기역,311_중랑역,subway,48845,8,109,0.3500931766055046
104,28_공덕역,356_효창공원앞역,subway,52852,8,109,0.37881307339449544
104,169_상봉역,118_망우역,subway,7980,8,109,0.05719610091743119
104,118_망우역,242_양원역,subway,1782,8,109,0.0127723623853211
104,282_응봉역,267_왕십리역,subway,35253,8,109,0.2526734518348624
104,176_서강대역,28_공덕역,subway,353,8,109,0.0025301032110091742
104,272_용산역,287_이촌역,subway,91918,8,109,0.6588159403669724
104,7_가좌역,346_홍대입구역,subway,1216,8,109,0.00871559633027523
104,228_신촌역,181_서울역,subway,204249,8,109,1.4639406536697248
104,7_가좌역,228_신촌역,subway,61098,8,109,0.4379157110091743
104,107_디지털미디어시티역,7_가좌역,subway,59381,8,109,0.42560923165137615
104,202_수색역,107_디지털미디어시티역,subway,10161,8,109,0.07282826834862385
104,351_화전역,202_수색역,subway,8921,8,109,0.06394065366972478
104,13_강매역,351_화전역,subway,7417,8,109,0.0531608371559633
104,344_행신역,13_강매역,subway,5634,8,109,0.04038130733944954
104,75_능곡역,344_행신역,subway,2674,8,109,0.019165711009174313
104,80_대곡역,75_능곡역,subway,2014,8,109,0.014435206422018348
104,346_홍대입구역,176_서강대역,subway,203,8,109,0.0014549885321100918
108,325_청량리역,353_회기역,subway,80687,8,137,0.46012203467153284
108,353_회기역,311_중랑역,subway,48845,8,137,0.27854128649635035
108,35_광운대역,169_상봉역,subway,62641,8,137,0.3572137317518248
108,169_상봉역,118_망우역,subway,7980,8,137,0.04550638686131387
108,118_망우역,211_신내역,subway,2871,8,137,0.016372034671532847
108,311_중랑역,169_상봉역,subway,47764,8,137,0.27237682481751824
109,10_강남역,244_양재역,subway,88200,6,327,0.2809633027522936
109,244_양재역,243_양재시민의숲역,subway,11918,6,327,0.03796508664627931
109,243_양재시민의숲역,322_청계산입구역,subway,4593,6,327,0.01463111620795107
113,223_신설동역,145_보문역,subway,32179,2,357,0.28167892156862745
113,145_보문역,192_성신여대입구역,subway,25544,2,357,0.22359943977591037
113,192_성신여대입구역,299_정릉역,subway,13820,2,357,0.1209733893557423
113,299_정릉역,152_북한산보국문역,subway,11161,2,357,0.09769782913165266
113,195_솔샘역,164_삼양사거리역,subway,3917,2,357,0.0342874649859944
113,164_삼양사거리역,165_삼양역,subway,3632,2,357,0.03179271708683473
113,165_삼양역,348_화계역,subway,3812,2,357,0.033368347338935574
113,348_화계역,6_가오리역,subway,4687,2,357,0.04102766106442577
113,6_가오리역,1_4.19민주묘지역,subway,9924,2,357,0.08686974789915966
113,1_4.19민주묘지역,194_솔밭공원역,subway,3043,2,357,0.02663690476190476
113,194_솔밭공원역,153_북한산우이역,subway,1558,2,357,0.01363795518207283
113,152_북한산보국문역,195_솔샘역,subway,6885,2,357,0.060267857142857144
1,89_덕계역,90_덕정역,subway,2282,10,589,0.0024214770797962647
1,272_용산역,63_남영역,subway,88370,10,589,0.09377122241086587
1,68_노량진역,272_용산역,subway,52899,10,589,0.0561322156196944
1,84_대방역,68_노량진역,subway,26679,10,589,0.028309634974533107
1,210_신길역,84_대방역,subway,42010,10,589,0.0445776740237691
1,260_영등포역,210_신길역,subway,86173,10,589,0.09143994057724958
1,217_신도림역,260_영등포역,subway,87166,10,589,0.09249363327674023
1,40_구로역,217_신도림역,subway,143610,10,589,0.15238752122241087
1,45_구일역,40_구로역,subway,82154,10,589,0.08717529711375212
1,16_개봉역,45_구일역,subway,78758,10,589,0.08357173174872666
1,265_온수역,262_오류동역,subway,60765,10,589,0.06447898981324278
1,253_역곡역,265_온수역,subway,49560,10,589,0.05258913412563667
1,63_남영역,181_서울역,subway,88161,10,589,0.09354944821731749
1,193_소사역,253_역곡역,subway,34919,10,589,0.03705326825127334
1,310_중동역,150_부천역,subway,15593,10,589,0.016546052631578947
1,196_송내역,310_중동역,subway,11449,10,589,0.012148769100169779
1,4_가산디지털단지역,40_구로역,subway,59341,10,589,0.06296795415959253
1,97_독산역,4_가산디지털단지역,subway,46383,10,589,0.04921795415959253
1,52_금천구청역,97_독산역,subway,37580,10,589,0.03987691001697793
1,184_석수역,52_금천구청역,subway,32039,10,589,0.033997241086587436
1,32_관악역,184_석수역,subway,28349,10,589,0.030081706281833615
1,236_안양역,32_관악역,subway,25374,10,589,0.026924872665534803
1,126_명학역,236_안양역,subway,18479,10,589,0.01960844651952462
1,51_금정역,126_명학역,subway,16162,10,589,0.017149830220713074
1,49_군포역,51_금정역,subway,2267,10,589,0.0024055602716468593
1,150_부천역,193_소사역,subway,29033,10,589,0.03080751273344652
1,181_서울역,208_시청역,subway,141857,10,589,0.15052737691001697
1,262_오류동역,16_개봉역,subway,67152,10,589,0.07125636672325976
1,303_종각역,304_종로3가역,subway,45786,10,589,0.04858446519524618
1,245_양주역,89_덕계역,subway,4383,10,589,0.004650891341256367
1,208_시청역,303_종각역,subway,61918,10,589,0.06570246179966044
1,2_가능역,72_녹양역,subway,10711,10,589,0.011365662139219015
1,284_의정부역,2_가능역,subway,14018,10,589,0.014874787775891341
1,354_회룡역,284_의정부역,subway,23966,10,589,0.02543081494057725
1,120_망월사역,354_회룡역,subway,32246,10,589,0.034216893039049234
1,93_도봉산역,120_망월사역,subway,36752,10,589,0.03899830220713073
1,94_도봉역,93_도봉산역,subway,43200,10,589,0.04584040747028863
1,139_방학역,94_도봉역,subway,46487,10,589,0.04932831069609508
1,317_창동역,139_방학역,subway,51847,10,589,0.05501591680814941
1,73_녹천역,317_창동역,subway,58131,10,589,0.06168399830220713
1,276_월계역,73_녹천역,subway,57850,10,589,0.061385823429541596
1,72_녹양역,245_양주역,subway,8513,10,589,0.009033319185059422
1,183_석계역,35_광운대역,subway,35859,10,589,0.03805072156196944
1,35_광운대역,276_월계역,subway,58351,10,589,0.06191744482173175
1,305_종로5가역,99_동대문역,subway,36916,10,589,0.0391723259762309
1,99_동대문역,102_동묘앞역,subway,36214,10,589,0.03842741935483871
1,102_동묘앞역,223_신설동역,subway,49806,10,589,0.05285016977928693
1,223_신설동역,302_제기동역,subway,34485,10,589,0.03659274193548387
1,304_종로3가역,305_종로5가역,subway,45013,10,589,0.047764219015280135
1,325_청량리역,353_회기역,subway,80687,10,589,0.08561863327674024
1,353_회기역,268_외대앞역,subway,24233,10,589,0.02571413412563667
1,268_외대앞역,225_신이문역,subway,23675,10,589,0.025122028862478777
1,225_신이문역,183_석계역,subway,24571,10,589,0.02607279286926995
1,302_제기동역,325_청량리역,subway,37642,10,589,0.03994269949066214
2,92_도림천역,217_신도림역,subway,46693,10,528,0.05527107007575757
2,228_신촌역,346_홍대입구역,subway,10469,10,528,0.012392282196969697
2,246_양천구청역,92_도림천역,subway,46293,10,528,0.054797585227272724
2,226_신정네거리역,246_양천구청역,subway,42101,10,528,0.049835464015151515
2,57_까치산역,226_신정네거리역,subway,36906,10,528,0.043686079545454545
2,131_문래역,217_신도림역,subway,94563,10,528,0.11193536931818182
2,258_영등포구청역,131_문래역,subway,92526,10,528,0.10952414772727273
2,79_당산역,258_영등포구청역,subway,95836,10,528,0.11344223484848485
2,342_합정역,79_당산역,subway,80621,10,528,0.09543205492424242
2,346_홍대입구역,342_합정역,subway,102335,10,528,0.12113517992424243
2,285_이대역,228_신촌역,subway,12027,10,528,0.014236505681818182
2,280_을지로4가역,279_을지로3가역,subway,24531,10,528,0.029037642045454545
2,329_충정로역,233_아현역,subway,18594,10,528,0.022009943181818183
2,208_시청역,329_충정로역,subway,14752,10,528,0.017462121212121214
2,281_을지로입구역,208_시청역,subway,50989,10,528,0.06035629734848485
2,279_을지로3가역,281_을지로입구역,subway,42883,10,528,0.05076112689393939
2,100_동대문역사문화공원역,280_을지로4가역,subway,63086,10,528,0.07467566287878788
2,214_신당역,100_동대문역사문화공원역,subway,96814,10,528,0.1145999053030303
2,171_상왕십리역,214_신당역,subway,100617,10,528,0.1191015625
2,267_왕십리역,171_상왕십리역,subway,102637,10,528,0.12149266098484848
2,340_한양대역,267_왕십리역,subway,31495,10,528,0.037281013257575754
2,223_신설동역,270_용두역,subway,85274,10,528,0.10093986742424242
2,233_아현역,285_이대역,subway,18903,10,528,0.02237571022727273
2,270_용두역,213_신답역,subway,86056,10,528,0.1018655303030303
2,108_뚝섬역,340_한양대역,subway,23584,10,528,0.027916666666666666
2,269_용답역,191_성수역,subway,72072,10,528,0.0853125
2,213_신답역,269_용답역,subway,71564,10,528,0.08471117424242425
2,21_건대입구역,191_성수역,subway,61179,10,528,0.07241832386363636
2,14_강변역,44_구의역,subway,55535,10,528,0.06573745265151515
2,291_잠실나루역,14_강변역,subway,49341,10,528,0.05840553977272727
2,293_잠실역,291_잠실나루역,subway,47554,10,528,0.05629024621212121
2,292_잠실새내역,293_잠실역,subway,112702,10,528,0.13340672348484847
2,306_종합운동장역,292_잠실새내역,subway,122360,10,528,0.14483901515151515
2,161_삼성역,306_종합운동장역,subway,136582,10,528,0.16167376893939395
2,187_선릉역,161_삼성역,subway,203746,10,528,0.24117660984848485
2,254_역삼역,187_선릉역,subway,179132,10,528,0.2120407196969697
2,10_강남역,254_역삼역,subway,170671,10,528,0.20202533143939394
2,44_구의역,21_건대입구역,subway,73337,10,528,0.08680989583333333
2,182_서초역,38_교대역,subway,80686,10,528,0.09550899621212121
2,38_교대역,10_강남역,subway,98506,10,528,0.11660274621212122
2,217_신도림역,82_대림역,subway,166434,10,528,0.1970099431818182
2,39_구로디지털단지역,216_신대방역,subway,73406,10,528,0.08689157196969698
2,216_신대방역,218_신림역,subway,59491,10,528,0.0704202178030303
2,218_신림역,148_봉천역,subway,56557,10,528,0.06694720643939393
2,82_대림역,39_구로디지털단지역,subway,114501,10,528,0.13553622159090908
2,179_서울대입구역,59_낙성대역,subway,86946,10,528,0.10291903409090909
2,59_낙성대역,156_사당역,subway,102830,10,528,0.12172111742424242
2,156_사당역,137_방배역,subway,90838,10,528,0.10752604166666667
2,137_방배역,182_서초역,subway,79138,10,528,0.09367660984848485
2,148_봉천역,179_서울대입구역,subway,63230,10,528,0.07484611742424242
3,241_약수역,101_동대입구역,subway,38064,10,407,0.05845208845208845
3,38_교대역,27_고속터미널역,subway,44275,10,407,0.06798986486486487
3,53_금호역,241_약수역,subway,60227,10,407,0.09248617936117937
3,264_옥수역,53_금호역,subway,7772,10,407,0.011934889434889434
3,239_압구정역,264_옥수역,subway,30780,10,407,0.04726658476658477
3,222_신사역,239_압구정역,subway,88799,10,407,0.13636210073710073
3,294_잠원역,222_신사역,subway,24783,10,407,0.03805743243243243
3,27_고속터미널역,294_잠원역,subway,24567,10,407,0.0377257371007371
3,61_남부터미널역,38_교대역,subway,19697,10,407,0.03024723587223587
3,85_대청역,335_학여울역,subway,17352,10,407,0.026646191646191645
3,121_매봉역,244_양재역,subway,57703,10,407,0.08861025798525798
3,91_도곡역,121_매봉역,subway,55965,10,407,0.08594133906633906
3,86_대치역,91_도곡역,subway,38842,10,407,0.0596468058968059
3,335_학여울역,86_대치역,subway,19673,10,407,0.030210380835380836
3,203_수서역,290_일원역,subway,6371,10,407,0.009783476658476658
3,3_가락시장역,203_수서역,subway,56751,10,407,0.08714834152334153
3,24_경찰병원역,3_가락시장역,subway,30153,10,407,0.046303746928746926
3,261_오금역,24_경찰병원역,subway,25385,10,407,0.038981879606879606
3,101_동대입구역,328_충무로역,subway,39760,10,407,0.061056511056511054
3,244_양재역,61_남부터미널역,subway,12989,10,407,0.01994625307125307
3,328_충무로역,279_을지로3가역,subway,30168,10,407,0.04632678132678133
3,290_일원역,85_대청역,subway,11715,10,407,0.017989864864864865
3,304_종로3가역,234_안국역,subway,72124,10,407,0.11075552825552826
3,307_주엽역,87_대화역,subway,5451,10,407,0.008370700245700245
3,279_을지로3가역,304_종로3가역,subway,27722,10,407,0.04257063882063882
3,112_마두역,300_정발산역,subway,13323,10,407,0.020459152334152336
3,141_백석역,112_마두역,subway,17090,10,407,0.026243857493857495
3,80_대곡역,141_백석역,subway,21711,10,407,0.033339987714987716
3,352_화정역,80_대곡역,subway,19277,10,407,0.029602272727272727
3,274_원당역,352_화정역,subway,27461,10,407,0.0421698402948403
3,275_원흥역,274_원당역,subway,57686,10,407,0.08858415233415233
3,163_삼송역,275_원흥역,subway,54013,10,407,0.08294379606879607
3,300_정발산역,307_주엽역,subway,10342,10,407,0.01588144963144963
3,46_구파발역,316_지축역,subway,15240,10,407,0.023402948402948404
3,316_지축역,163_삼송역,subway,18904,10,407,0.02902948402948403
3,23_경복궁역,95_독립문역,subway,50076,10,407,0.0768980343980344
3,95_독립문역,130_무악재역,subway,67653,10,407,0.10388974201474202
3,130_무악재역,347_홍제역,subway,64585,10,407,0.09917843980343981
3,234_안국역,23_경복궁역,subway,65981,10,407,0.10132217444717445
3,70_녹번역,154_불광역,subway,25651,10,407,0.039390356265356266
3,154_불광역,256_연신내역,subway,16134,10,407,0.024775798525798524
3,256_연신내역,46_구파발역,subway,12009,10,407,0.018441339066339067
3,347_홍제역,70_녹번역,subway,55048,10,407,0.08453316953316953
4,188_선바위역,64_남태령역,subway,64728,10,476,0.08498949579831933
4,287_이촌역,224_신용산역,subway,20263,10,476,0.026605829831932774
4,103_동작역,287_이촌역,subway,174465,10,476,0.22907694327731093
4,326_총신대입구역,103_동작역,subway,96235,10,476,0.12635898109243698
4,156_사당역,326_총신대입구역,subway,79168,10,476,0.10394957983193277
4,64_남태령역,156_사당역,subway,65539,10,476,0.08605435924369748
4,22_경마공원역,188_선바위역,subway,60674,10,476,0.07966649159663866
4,332_평촌역,289_인덕원역,subway,33991,10,476,0.04463103991596638
4,31_과천역,81_대공원역,subway,55489,10,476,0.07285845588235294
4,301_정부과천청사역,31_과천역,subway,51435,10,476,0.06753545168067226
4,289_인덕원역,301_정부과천청사역,subway,45842,10,476,0.06019170168067227
4,143_범계역,332_평촌역,subway,27575,10,476,0.03620667016806723
4,51_금정역,143_범계역,subway,19067,10,476,0.02503545168067227
4,158_산본역,51_금정역,subway,6988,10,476,0.009175420168067227
4,201_수리산역,158_산본역,subway,1445,10,476,0.0018973214285714286
4,81_대공원역,22_경마공원역,subway,60364,10,476,0.0792594537815126
4,160_삼각지역,206_숙대입구역,subway,14342,10,476,0.01883140756302521
4,224_신용산역,160_삼각지역,subway,20473,10,476,0.02688156512605042
4,181_서울역,355_회현역,subway,222666,10,476,0.2923660714285714
4,206_숙대입구역,181_서울역,subway,18063,10,476,0.0237171743697479
4,167_상계역,78_당고개역,subway,8332,10,476,0.010940126050420168
4,69_노원역,167_상계역,subway,25736,10,476,0.03379201680672269
4,231_쌍문역,317_창동역,subway,94399,10,476,0.12394826680672269
4,204_수유역,231_쌍문역,subway,109100,10,476,0.14325105042016806
4,134_미아역,204_수유역,subway,164928,10,476,0.2165546218487395
4,133_미아사거리역,134_미아역,subway,133488,10,476,0.1752731092436975
4,55_길음역,133_미아사거리역,subway,46113,10,476,0.06054753151260504
4,317_창동역,69_노원역,subway,78890,10,476,0.10358455882352942
4,338_한성대입구역,192_성신여대입구역,subway,27739,10,476,0.03642200630252101
4,345_혜화역,338_한성대입구역,subway,25609,10,476,0.03362526260504202
4,99_동대문역,345_혜화역,subway,30291,10,476,0.03977284663865546
4,100_동대문역사문화공원역,99_동대문역,subway,16088,10,476,0.021123949579831932
4,328_충무로역,100_동대문역사문화공원역,subway,46641,10,476,0.06124080882352941
4,124_명동역,328_충무로역,subway,62360,10,476,0.08188025210084034
4,192_성신여대입구역,55_길음역,subway,42427,10,476,0.055707720588235296
4,355_회현역,124_명동역,subway,219881,10,476,0.2887092962184874
5,320_천호역,33_광나루역,subway,71435,8,428,0.13039391063084113
5,33_광나루역,232_아차산역,subway,74585,8,428,0.13614376460280375
5,48_군자역,298_장한평역,subway,76320,8,428,0.1393107476635514
5,298_장한평역,77_답십리역,subway,77611,8,428,0.14166727511682242
5,267_왕십리역,343_행당역,subway,10126,8,428,0.0184834988317757
5,114_마장역,267_왕십리역,subway,71211,8,428,0.12998503212616822
5,343_행당역,209_신금호역,subway,8781,8,428,0.01602840245327103
5,209_신금호역,323_청구역,subway,8522,8,428,0.01555563668224299
5,12_강동역,320_천호역,subway,70193,8,428,0.1281268253504673
5,77_답십리역,114_마장역,subway,68833,8,428,0.12564434871495328
5,104_둔촌동역,12_강동역,subway,30059,8,428,0.05486820969626168
5,125_명일역,50_굽은다리역,subway,29640,8,428,0.05410338785046729
5,138_방이역,266_올림픽공원역,subway,27596,8,428,0.050372371495327105
5,261_오금역,138_방이역,subway,24338,8,428,0.0444253796728972
5,15_개롱역,261_오금역,subway,24165,8,428,0.044109594042056076
5,20_거여역,15_개롱역,subway,18169,8,428,0.033164792640186916
5,115_마천역,20_거여역,subway,7791,8,428,0.014221305490654205
5,54_길동역,12_강동역,subway,41780,8,428,0.07626314252336448
5,50_굽은다리역,54_길동역,subway,36932,8,428,0.06741384345794392
5,25_고덕역,125_명일역,subway,22939,8,428,0.04187171436915888
5,173_상일동역,25_고덕역,subway,14105,8,428,0.025746568341121497
5,323_청구역,100_동대문역사문화공원역,subway,26873,8,428,0.04905264310747664
5,266_올림픽공원역,104_둔촌동역,subway,27920,8,428,0.05096378504672897
5,100_동대문역사문화공원역,280_을지로4가역,subway,63086,8,428,0.11515405957943925
5,232_아차산역,48_군자역,subway,80032,8,428,0.14608644859813083
5,304_종로3가역,36_광화문역,subway,20690,8,428,0.0377665011682243
5,280_을지로4가역,304_종로3가역,subway,39714,8,428,0.07249196845794392
5,18_개화산역,140_방화역,subway,6370,8,428,0.011627482476635514
5,56_김포공항역,18_개화산역,subway,11617,8,428,0.02120509637850467
5,197_송정역,56_김포공항역,subway,22984,8,428,0.041953855140186916
5,136_발산역,111_마곡역,subway,23871,8,428,0.0435729410046729
5,273_우장산역,136_발산역,subway,28496,8,428,0.05201518691588785
5,349_화곡역,273_우장산역,subway,30039,8,428,0.05483170268691589
5,57_까치산역,349_화곡역,subway,45993,8,428,0.08395334404205608
5,227_신정역,57_까치산역,subway,32205,8,428,0.05878541179906542
5,128_목동역,227_신정역,subway,34049,8,428,0.06215135806074766
5,263_오목교역,128_목동역,subway,17020,8,428,0.031067464953271028
5,248_양평역,263_오목교역,subway,20814,8,428,0.037992844626168226
5,111_마곡역,197_송정역,subway,22642,8,428,0.04132958528037383
5,259_영등포시장역,258_영등포구청역,subway,9886,8,428,0.018045414719626167
5,36_광화문역,177_서대문역,subway,25553,8,428,0.046643180490654204
5,258_영등포구청역,248_양평역,subway,25557,8,428,0.04665048189252336
5,177_서대문역,329_충정로역,subway,36398,8,428,0.06643910630841121
5,240_애오개역,28_공덕역,subway,28846,8,428,0.05265405957943925
5,28_공덕역,117_마포역,subway,97201,8,428,0.17742589077102805
5,329_충정로역,240_애오개역,subway,24832,8,428,0.04532710280373832
5,251_여의나루역,252_여의도역,subway,15132,8,428,0.027621203271028037
5,252_여의도역,210_신길역,subway,40723,8,428,0.07433374707943925
5,210_신길역,259_영등포시장역,subway,9392,8,428,0.017143691588785048
5,117_마포역,251_여의나루역,subway,21123,8,428,0.03855687792056075
6,142_버티고개역,336_한강진역,subway,7766,8,340,0.01784466911764706
6,318_창신역,102_동묘앞역,subway,7965,8,340,0.018301930147058824
6,241_약수역,142_버티고개역,subway,8161,8,340,0.018752297794117648
6,323_청구역,241_약수역,subway,10205,8,340,0.023448988970588235
6,214_신당역,323_청구역,subway,7065,8,340,0.016233915441176472
6,336_한강진역,288_이태원역,subway,10294,8,340,0.023653492647058825
6,102_동묘앞역,214_신당역,subway,10220,8,340,0.02348345588235294
6,145_보문역,318_창신역,subway,7207,8,340,0.016560202205882352
6,98_돌곶이역,172_상월곡역,subway,10624,8,340,0.02441176470588235
6,26_고려대역,235_안암역,subway,16099,8,340,0.0369921875
6,277_월곡역,26_고려대역,subway,15350,8,340,0.03527113970588235
6,183_석계역,98_돌곶이역,subway,46071,8,340,0.10586167279411765
6,330_태릉입구역,183_석계역,subway,39884,8,340,0.0916452205882353
6,350_화랑대역,330_태릉입구역,subway,16899,8,340,0.03883042279411765
6,288_이태원역,71_녹사평역,subway,14125,8,340,0.032456341911764705
6,149_봉화산역,350_화랑대역,subway,6214,8,340,0.014278492647058823
6,235_안암역,145_보문역,subway,18668,8,340,0.04289522058823529
6,71_녹사평역,160_삼각지역,subway,18064,8,340,0.04150735294117647
6,172_상월곡역,277_월곡역,subway,15087,8,340,0.03466681985294118
6,356_효창공원앞역,28_공덕역,subway,127347,8,340,0.2926171875
6,160_삼각지역,356_효창공원앞역,subway,24714,8,340,0.05678768382352941
6,211_신내역,149_봉화산역,subway,2975,8,340,0.0068359375
6,255_역촌역,283_응암역,subway,10567,8,340,0.02428079044117647
6,154_불광역,255_역촌역,subway,8801,8,340,0.020222886029411764
6,96_독바위역,154_불광역,subway,775,8,340,0.0017807904411764705
6,43_구산역,256_연신내역,subway,22815,8,340,0.052424172794117645
6,283_응암역,43_구산역,subway,26473,8,340,0.06082950367647059
6,174_새절역,283_응암역,subway,57654,8,340,0.13247702205882353
6,315_증산역,174_새절역,subway,65498,8,340,0.15050091911764707
6,256_연신내역,96_독바위역,subway,215,8,340,0.0004940257352941176
6,278_월드컵경기장역,107_디지털미디어시티역,subway,9879,8,340,0.022699908088235295
6,116_마포구청역,278_월드컵경기장역,subway,7009,8,340,0.016105238970588236
6,119_망원역,116_마포구청역,subway,3527,8,340,0.008104319852941176
6,342_합정역,119_망원역,subway,12863,8,340,0.029556525735294117
6,170_상수역,342_합정역,subway,3630,8,340,0.008340992647058823
6,37_광흥창역,170_상수역,subway,1237,8,340,0.002842371323529412
6,88_대흥역,37_광흥창역,subway,46385,8,340,0.10658318014705882
6,107_디지털미디어시티역,315_증산역,subway,71544,8,340,0.16439338235294118
6,28_공덕역,88_대흥역,subway,48894,8,340,0.1123483455882353
7,215_신대방삼거리역,295_장승배기역,subway,18039,8,393,0.0358599713740458
7,295_장승배기역,168_상도역,subway,20587,8,393,0.04092517493638677
7,168_상도역,207_숭실대입구역,subway,21875,8,393,0.04348560750636132
7,66_내방역,27_고속터미널역,subway,42020,8,393,0.08353212468193384
7,62_남성역,286_이수역,subway,34554,8,393,0.06869036259541984
7,286_이수역,66_내방역,subway,33671,8,393,0.06693503498727735
7,144_보라매역,215_신대방삼거리역,subway,20063,8,393,0.0398835082697201
7,207_숭실대입구역,62_남성역,subway,28111,8,393,0.055882236005089056
7,229_신풍역,144_보라매역,subway,23890,8,393,0.04749125318066158
7,151_부천종합운동장역,58_까치울역,subway,7439,8,393,0.014788088422391857
7,60_남구로역,82_대림역,subway,50382,8,393,0.1001550572519084
7,4_가산디지털단지역,60_남구로역,subway,48821,8,393,0.09705192430025446
7,321_철산역,4_가산디지털단지역,subway,48075,8,393,0.09556894083969465
7,34_광명사거리역,321_철산역,subway,35574,8,393,0.07071803435114504
7,319_천왕역,34_광명사거리역,subway,20902,8,393,0.04155136768447837
7,265_온수역,319_천왕역,subway,11397,8,393,0.02265625
7,58_까치울역,265_온수역,subway,11441,8,393,0.022743718193384225
7,27_고속터미널역,135_반포역,subway,16695,8,393,0.03318821564885496
7,327_춘의역,151_부천종합운동장역,subway,4891,8,393,0.009722884860050891
7,82_대림역,229_신풍역,subway,29625,8,393,0.05889193702290076
7,135_반포역,74_논현역,subway,38411,8,393,0.07635774491094148
7,249_어린이대공원역,48_군자역,subway,54928,8,393,0.10919211195928753
7,334_학동역,9_강남구청역,subway,83353,8,393,0.16569855279898218
7,93_도봉산역,296_장암역,subway,1099,8,393,0.0021847169211195927
7,200_수락산역,93_도봉산역,subway,7497,8,393,0.014903387404580153
7,113_마들역,200_수락산역,subway,18429,8,393,0.036635257633587784
7,69_노원역,113_마들역,subway,28805,8,393,0.05726184796437659
7,308_중계역,69_노원역,subway,19995,8,393,0.039748330152671756
7,333_하계역,308_중계역,subway,18988,8,393,0.03774650127226463
7,74_논현역,334_학동역,subway,75406,8,393,0.14990060432569974
7,330_태릉입구역,29_공릉역,subway,30527,8,393,0.060685034987277356
7,122_먹골역,330_태릉입구역,subway,5675,8,393,0.01128140903307888
7,313_중화역,122_먹골역,subway,8253,8,393,0.01640625
7,29_공릉역,333_하계역,subway,25004,8,393,0.04970578880407125
7,123_면목역,169_상봉역,subway,56153,8,393,0.11162730597964376
7,169_상봉역,313_중화역,subway,14467,8,393,0.028759144402035624
7,324_청담역,109_뚝섬유원지역,subway,85902,8,393,0.17076574427480917
7,109_뚝섬유원지역,21_건대입구역,subway,84582,8,393,0.16814169847328245
7,21_건대입구역,249_어린이대공원역,subway,55321,8,393,0.10997336195928753
7,9_강남구청역,324_청담역,subway,79046,8,393,0.15713660941475827
7,309_중곡역,271_용마산역,subway,53221,8,393,0.10579874363867685
7,271_용마산역,155_사가정역,subway,51638,8,393,0.10265187659033079
7,155_사가정역,123_면목역,subway,51072,8,393,0.10152671755725191
7,48_군자역,309_중곡역,subway,58352,8,393,0.11599872773536896
8,127_모란역,205_수진역,subway,5261,6,292,0.018767836757990868
8,205_수진역,230_신흥역,subway,2892,6,292,0.010316780821917807
8,230_신흥역,76_단대오거리역,subway,6098,6,292,0.0217537100456621
8,76_단대오거리역,65_남한산성입구역,subway,14694,6,292,0.052418664383561644
8,65_남한산성입구역,159_산성역,subway,23579,6,292,0.08411458333333334
8,159_산성역,146_복정역,subway,27494,6,292,0.09808076484018265
8,146_복정역,297_장지역,subway,10694,6,292,0.03814925799086758
8,3_가락시장역,199_송파역,subway,45405,6,292,0.1619755993150685
8,132_문정역,3_가락시장역,subway,25146,6,292,0.08970462328767123
8,320_천호역,237_암사역,subway,16531,6,292,0.05897188926940639
8,11_강동구청역,320_천호역,subway,40243,6,292,0.1435609303652968
8,129_몽촌토성역,11_강동구청역,subway,43595,6,292,0.15551869292237444
8,297_장지역,132_문정역,subway,10159,6,292,0.03624072488584475
8,186_석촌역,293_잠실역,subway,44384,6,292,0.15833333333333333
8,199_송파역,186_석촌역,subway,48962,6,292,0.1746646689497717
8,293_잠실역,129_몽촌토성역,subway,45317,6,292,0.16166167237442922
9,175_샛강역,68_노량진역,subway,14177,6,110,0.13425189393939393
9,252_여의도역,175_샛강역,subway,14220,6,110,0.13465909090909092
9,47_국회의사당역,252_여의도역,subway,17569,6,110,0.16637310606060607
9,79_당산역,47_국회의사당역,subway,18910,6,110,0.1790719696969697
9,189_선유도역,79_당산역,subway,32370,6,110,0.3065340909090909
9,219_신목동역,189_선유도역,subway,25598,6,110,0.24240530303030303
9,257_염창역,219_신목동역,subway,22889,6,110,0.21675189393939395
9,314_증미역,106_등촌역,subway,7554,6,110,0.07153409090909091
9,5_가양역,314_증미역,subway,8012,6,110,0.07587121212121212
9,68_노량진역,67_노들역,subway,2725,6,110,0.025804924242424244
9,110_마곡나루역,247_양천향교역,subway,26925,6,110,0.2549715909090909
9,221_신방화역,110_마곡나루역,subway,6152,6,110,0.05825757575757576
9,30_공항시장역,221_신방화역,subway,441,6,110,0.004176136363636364
9,56_김포공항역,30_공항시장역,subway,279,6,110,0.0026420454545454546
9,19_개화역,56_김포공항역,subway,2893,6,110,0.027395833333333335
9,106_등촌역,257_염창역,subway,10644,6,110,0.10079545454545455
9,247_양천향교역,5_가양역,subway,20036,6,110,0.18973484848484848
9,67_노들역,357_흑석역,subway,3050,6,110,0.028882575757575756
9,103_동작역,42_구반포역,subway,32185,6,110,0.304782196969697
9,105_둔촌오륜역,312_중앙보훈병원역,subway,11081,6,110,0.10493371212121212
9,266_올림픽공원역,105_둔촌오륜역,subway,12020,6,110,0.11382575757575758
9,339_한성백제역,266_올림픽공원역,subway,13690,6,110,0.1296401515151515
9,198_송파나루역,339_한성백제역,subway,15578,6,110,0.1475189393939394
9,357_흑석역,103_동작역,subway,23864,6,110,0.22598484848484848
9,185_석촌고분역,186_석촌역,subway,3489,6,110,0.03303977272727273
9,166_삼전역,185_석촌고분역,subway,5847,6,110,0.05536931818181818
9,306_종합운동장역,166_삼전역,subway,9518,6,110,0.09013257575757576
9,186_석촌역,198_송파나루역,subway,19298,6,110,0.18274621212121211
9,162_삼성중앙역,147_봉은사역,subway,16046,6,110,0.15195075757575757
9,190_선정릉역,162_삼성중앙역,subway,23724,6,110,0.22465909090909092
9,250_언주역,190_선정릉역,subway,139572,6,110,1.3217045454545455
9,212_신논현역,250_언주역,subway,25440,6,110,0.2409090909090909
9,157_사평역,212_신논현역,subway,10306,6,110,0.09759469696969697
9,27_고속터미널역,157_사평역,subway,10285,6,110,0.09739583333333333
9,220_신반포역,27_고속터미널역,subway,2552,6,110,0.024166666666666666
9,42_구반포역,220_신반포역,subway,2810,6,110,0.026609848484848486
9,147_봉은사역,306_종합운동장역,subway,7238,6,110,0.06854166666666667
100,41_구룡역,91_도곡역,subway,64387,6,352,0.19053918087121213
100,17_개포동역,41_구룡역,subway,63000,6,352,0.1864346590909091
100,83_대모산입구역,17_개포동역,subway,74697,6,352,0.22104936079545454
100,127_모란역,331_태평역,subway,12075,6,352,0.03573330965909091
100,146_복정역,203_수서역,subway,55079,6,352,0.16299419981060606
100,8_가천대역,146_복정역,subway,20497,6,352,0.06065636837121212
100,331_태평역,8_가천대역,subway,17300,6,352,0.05119554924242424
100,203_수서역,83_대모산입구역,subway,81106,6,352,0.24001538825757576
100,341_한티역,187_선릉역,subway,23985,6,352,0.07097833806818182
100,91_도곡역,341_한티역,subway,71701,6,352,0.21218335700757576
100,190_선정릉역,9_강남구청역,subway,80479,6,352,0.23815991950757576
100,9_강남구청역,238_압구정로데오역,subway,111377,6,352,0.32959576231060606
100,238_압구정로데오역,180_서울숲역,subway,103298,6,352,0.3056877367424242
100,180_서울숲역,267_왕십리역,subway,101127,6,352,0.29926313920454545
100,187_선릉역,190_선정릉역,subway,42987,6,352,0.12721058238636362
101,56_김포공항역,110_마곡나루역,subway,47175,6,179,0.2745286312849162
101,110_마곡나루역,107_디지털미디어시티역,subway,91731,6,179,0.5338163407821229
101,107_디지털미디어시티역,346_홍대입구역,subway,112583,6,179,0.6551617783985102
101,346_홍대입구역,28_공덕역,subway,124630,6,179,0.7252676908752328
101,28_공덕역,181_서울역,subway,30844,6,179,0.1794925512104283
104,272_용산역,356_효창공원앞역,subway,103404,8,109,0.7411410550458716
104,178_서빙고역,287_이촌역,subway,31027,8,109,0.2223838876146789
104,337_한남역,178_서빙고역,subway,31001,8,109,0.22219753440366974
104,264_옥수역,337_한남역,subway,30974,8,109,0.2220040137614679
104,282_응봉역,264_옥수역,subway,32793,8,109,0.23504157110091742
104,169_상봉역,311_중랑역,subway,51156,8,109,0.3666571100917431
104,325_청량리역,267_왕십리역,subway,104585,8,109,0.7496057912844036
104,353_회기역,325_청량리역,subway,106069,8,109,0.7602422591743119
104,311_중랑역,353_회기역,subway,52464,8,109,0.37603211009174314
104,356_효창공원앞역,28_공덕역,subway,127347,8,109,0.9127508600917431
104,118_망우역,169_상봉역,subway,11493,8,109,0.08237528669724771
104,242_양원역,118_망우역,subway,1942,8,109,0.013919151376146788
104,267_왕십리역,282_응봉역,subway,32523,8,109,0.2331063646788991
104,28_공덕역,176_서강대역,subway,304,8,109,0.0021788990825688075
104,287_이촌역,272_용산역,subway,177071,8,109,1.2691442087155964
104,346_홍대입구역,7_가좌역,subway,1390,8,109,0.009962729357798164
104,181_서울역,228_신촌역,subway,30687,8,109,0.21994696100917432
104,228_신촌역,7_가좌역,subway,1021,8,109,0.007317947247706422
104,7_가좌역,107_디지털미디어시티역,subway,8218,8,109,0.0589019495412844
104,107_디지털미디어시티역,202_수색역,subway,14338,8,109,0.10276662844036698
104,202_수색역,351_화전역,subway,13198,8,109,0.09459575688073395
104,351_화전역,13_강매역,subway,11999,8,109,0.08600200688073395
104,13_강매역,344_행신역,subway,10563,8,109,0.07570957568807339
104,344_행신역,75_능곡역,subway,7871,8,109,0.056414850917431196
104,75_능곡역,80_대곡역,subway,7514,8,109,0.053856077981651373
104,176_서강대역,346_홍대입구역,subway,203,8,109,0.0014549885321100918
108,353_회기역,325_청량리역,subway,106069,8,137,0.6048642791970803
108,311_중랑역,353_회기역,subway,52464,8,137,0.2991788321167883
108,169_상봉역,35_광운대역,subway,69963,8,137,0.3989678375912409
108,118_망우역,169_상봉역,subway,11493,8,137,0.06553946167883212
108,211_신내역,118_망우역,subway,5985,8,137,0.034129790145985404
108,169_상봉역,311_중랑역,subway,51156,8,137,0.29171989051094893
109,244_양재역,10_강남역,subway,79181,6,327,0.25223305300713555
109,243_양재시민의숲역,244_양재역,subway,11340,6,327,0.03612385321100917
109,322_청계산입구역,243_양재시민의숲역,subway,4949,6,327,0.015765163098878696
113,145_보문역,223_신설동역,subway,77860,2,357,0.6815476190476191
113,192_성신여대입구역,145_보문역,subway,72755,2,357,0.6368609943977591
113,299_정릉역,192_성신여대입구역,subway,11595,2,357,0.1014968487394958
113,152_북한산보국문역,299_정릉역,subway,8631,2,357,0.07555147058823529
113,164_삼양사거리역,195_솔샘역,subway,2563,2,357,0.022435224089635854
113,165_삼양역,164_삼양사거리역,subway,2328,2,357,0.020378151260504202
113,348_화계역,165_삼양역,subway,2586,2,357,0.02263655462184874
113,6_가오리역,348_화계역,subway,3259,2,357,0.02852766106442577
113,1_4.19민주묘지역,6_가오리역,subway,7855,2,357,0.06875875350140057
113,194_솔밭공원역,1_4.19민주묘지역,subway,3397,2,357,0.02973564425770308
113,153_북한산우이역,194_솔밭공원역,subway,1689,2,357,0.014784663865546218
113,195_솔샘역,152_북한산보국문역,subway,5854,2,357,0.05124299719887955
